Date,NIFTY_BANK,NIFTY_AUTO,NIFTY_FMCG,NIFTY_IT,NIFTY_PHARMA,NIFTY_OIL_GAS,NIFTY_PRIVATE_BANK,NIFTY_PSU_BANK,NIFTY_COMMODITIES,NIFTY_CONSUMERABLES,NIFTY_FINANCIAL_SERVICES_EXBANK,NIFTY_FINANCIAL_SERVICES25_50,NIFTY_ENERGY
16-Mar-22,1.2199%,2.6647%,1.8862%,-0.8350%,0.1690%,0.1690%,0.1690%,0.1690%,0.3163%,0.1690%,0.1690%,0.1690%,-0.4277%
15-Mar-22,1.3603%,1.4964%,0.1018%,-0.7147%,-0.6018%,-0.6018%,-0.6018%,-0.6018%,-2.3302%,-0.6018%,-0.6018%,-0.6018%,-2.6957%
14-Mar-22,2.3690%,0.5454%,0.1661%,1.7456%,2.0585%,2.0585%,2.0585%,2.0585%,0.3069%,2.0585%,2.0585%,2.0585%,0.2939%
11-Mar-22,2.1154%,1.4765%,3.1637%,-0.2598%,2.5356%,2.5356%,2.5356%,2.5356%,2.2407%,2.5356%,2.5356%,2.5356%,2.1804%
10-Mar-22,3.8215%,4.5846%,4.2876%,0.9705%,1.7756%,1.7756%,1.7756%,1.7756%,2.4880%,1.7756%,1.7756%,1.7756%,2.3680%
09-Mar-22,2.7922%,3.5790%,2.4053%,3.6812%,3.9237%,3.9237%,3.9237%,3.9237%,0.5886%,3.9237%,3.9237%,3.9237%,1.0282%
08-Mar-22,-3.7689%,-3.5214%,-1.8260%,2.5042%,1.9050%,1.9050%,1.9050%,1.9050%,-0.2924%,1.9050%,1.9050%,1.9050%,-1.0828%
07-Mar-22,-6.3066%,-8.2343%,-4.0471%,0.0164%,-0.7723%,-0.7723%,-0.7723%,-0.7723%,-2.3842%,-0.7723%,-0.7723%,-0.7723%,-3.1422%
04-Mar-22,-2.8046%,-6.1011%,-2.1272%,1.3392%,-0.7095%,-0.7095%,-0.7095%,-0.7095%,-2.2391%,-0.7095%,-0.7095%,-0.7095%,-0.1196%
03-Mar-22,-3.6086%,-5.4521%,-1.4158%,0.8276%,-2.2450%,-2.2450%,-2.2450%,-2.2450%,1.0989%,-2.2450%,-2.2450%,-2.2450%,3.0284%
02-Mar-22,-2.9909%,-3.7603%,0.2033%,0.7208%,-1.6573%,-1.6573%,-1.6573%,-1.6573%,3.4826%,-1.6573%,-1.6573%,-1.6573%,3.7929%
28-Feb-22,2.6991%,1.9477%,2.1969%,3.8406%,3.3069%,3.3069%,3.3069%,3.3069%,5.9976%,3.3069%,3.3069%,3.3069%,5.3031%
25-Feb-22,-2.6387%,-3.8861%,-1.8150%,-1.9038%,-0.5926%,-0.5926%,-0.5926%,-0.5926%,-1.9383%,-0.5926%,-0.5926%,-0.5926%,-2.4338%
24-Feb-22,-6.0848%,-6.9111%,-3.2955%,-4.8595%,-3.6352%,-3.6352%,-3.6352%,-3.6352%,-6.0557%,-3.6352%,-3.6352%,-3.6352%,-5.4006%
23-Feb-22,-0.7851%,-0.3790%,-0.7436%,-1.0485%,-0.4131%,-0.4131%,-0.4131%,-0.4131%,-1.0469%,-0.4131%,-0.4131%,-0.4131%,-0.0399%
22-Feb-22,-0.6088%,-0.6824%,-1.7248%,-1.0358%,-1.9630%,-1.9630%,-1.9630%,-1.9630%,-2.4865%,-1.9630%,-1.9630%,-1.9630%,-1.5491%
21-Feb-22,0.4085%,-1.1552%,-1.0260%,-0.4702%,-2.2602%,-2.2602%,-2.2602%,-2.2602%,-2.4906%,-2.2602%,-2.2602%,-2.2602%,-2.4139%
18-Feb-22,-0.9432%,-0.7815%,0.1040%,-0.9247%,-1.6375%,-1.6375%,-1.6375%,-1.6375%,-0.6698%,-1.6375%,-1.6375%,-1.6375%,0.6021%
17-Feb-22,-1.7011%,-0.5173%,0.3637%,-0.8061%,-0.2439%,-0.2439%,-0.2439%,-0.2439%,0.0094%,-0.2439%,-0.2439%,-0.2439%,1.5920%
16-Feb-22,2.7540%,3.4975%,2.1928%,2.6471%,1.2883%,1.2883%,1.2883%,1.2883%,2.3346%,1.2883%,1.2883%,1.2883%,2.0217%
15-Feb-22,-0.9095%,-0.0052%,-0.6393%,1.5302%,-1.1485%,-1.1485%,-1.1485%,-1.1485%,-1.1993%,-1.1485%,-1.1485%,-1.1485%,-0.7630%
14-Feb-22,-5.6962%,-5.1039%,-3.7051%,-4.3128%,-2.7233%,-2.7233%,-2.7233%,-2.7233%,-4.9055%,-2.7233%,-2.7233%,-2.7233%,-3.2877%
11-Feb-22,-0.2415%,-1.1015%,-0.4941%,-1.7576%,-0.4441%,-0.4441%,-0.4441%,-0.4441%,-0.4982%,-0.4441%,-0.4441%,-0.4441%,0.1440%
10-Feb-22,2.5185%,2.0922%,0.5857%,2.3210%,1.2367%,1.2367%,1.2367%,1.2367%,1.6527%,1.2367%,1.2367%,1.2367%,0.7480%
09-Feb-22,1.5923%,2.3364%,0.2385%,1.0351%,1.3898%,1.3898%,1.3898%,1.3898%,0.9629%,1.3898%,1.3898%,1.3898%,-1.2672%
08-Feb-22,-2.0009%,-1.1444%,-2.0194%,-1.6180%,-1.0086%,-1.0086%,-1.0086%,-1.0086%,0.0562%,-1.0086%,-1.0086%,-1.0086%,-0.8092%
07-Feb-22,-2.6702%,-2.4208%,-1.9101%,-1.2582%,-1.7629%,-1.7629%,-1.7629%,-1.7629%,0.5133%,-1.7629%,-1.7629%,-1.7629%,0.3869%
04-Feb-22,-1.3951%,-0.6211%,-0.1949%,-2.0201%,-0.4665%,-0.4665%,-0.4665%,-0.4665%,-0.5423%,-0.4665%,-0.4665%,-0.4665%,-1.2138%
03-Feb-22,1.2933%,0.5760%,0.7564%,-0.8981%,1.0288%,1.0288%,1.0288%,1.0288%,-0.4912%,1.0288%,1.0288%,1.0288%,-0.6450%
02-Feb-22,3.4455%,-0.6112%,2.9649%,2.6941%,3.3990%,3.3990%,3.3990%,3.3990%,2.4251%,3.3990%,3.3990%,3.3990%,0.0600%
01-Feb-22,2.1194%,1.0563%,2.6772%,4.2964%,3.6687%,3.6687%,3.6687%,3.6687%,2.5647%,3.6687%,3.6687%,3.6687%,0.8496%
31-Jan-22,-0.0178%,1.2125%,1.3723%,3.8751%,2.5190%,2.5190%,2.5190%,2.5190%,1.5621%,2.5190%,2.5190%,2.5190%,1.7089%
28-Jan-22,-0.0460%,-0.2554%,-0.5376%,-2.5272%,-0.8399%,-0.8399%,-0.8399%,-0.8399%,0.0951%,-0.8399%,-0.8399%,-0.8399%,-0.1597%
27-Jan-22,2.7238%,2.5983%,0.0708%,-4.0225%,-1.1730%,-1.1730%,-1.1730%,-1.1730%,0.2530%,-1.1730%,-1.1730%,-1.1730%,0.5365%
25-Jan-22,0.3513%,-0.3385%,-1.1820%,-3.8813%,-1.1530%,-1.1530%,-1.1530%,-1.1530%,-2.6863%,-1.1530%,-1.1530%,-1.1530%,-1.3734%
24-Jan-22,-2.4448%,-2.8594%,-2.0590%,-5.2858%,-3.5104%,-3.5104%,-3.5104%,-3.5104%,-5.8924%,-3.5104%,-3.5104%,-3.5104%,-3.4589%
21-Jan-22,-1.2430%,-1.0349%,-0.7973%,-3.4036%,-3.3199%,-3.3199%,-3.3199%,-3.3199%,-1.9203%,-3.3199%,-3.3199%,-3.3199%,-0.9503%
20-Jan-22,-0.9496%,-0.1342%,-2.2402%,-3.8992%,-1.8038%,-1.8038%,-1.8038%,-1.8038%,0.1803%,-1.8038%,-1.8038%,-1.8038%,0.8514%
19-Jan-22,-0.4595%,-1.7108%,-2.3783%,-4.0858%,-1.3137%,-1.3137%,-1.3137%,-1.3137%,-1.8975%,-1.3137%,-1.3137%,-1.3137%,0.4327%
18-Jan-22,-0.4190%,-0.3819%,-0.8342%,-1.9298%,-1.9460%,-1.9460%,-1.9460%,-1.9460%,-0.7483%,-1.9460%,-1.9460%,-1.9460%,0.7468%
17-Jan-22,-0.6641%,1.6421%,-0.2589%,0.5101%,-1.3612%,-1.3612%,-1.3612%,-1.3612%,1.3561%,-1.3612%,-1.3612%,-1.3612%,1.4570%
14-Jan-22,-0.9308%,-0.0245%,-0.4679%,0.5720%,0.9342%,0.9342%,0.9342%,0.9342%,1.4424%,0.9342%,0.9342%,0.9342%,1.4157%
13-Jan-22,0.0721%,1.7666%,0.6232%,0.0041%,1.4013%,1.4013%,1.4013%,1.4013%,2.9122%,1.4013%,1.4013%,1.4013%,3.2809%
12-Jan-22,0.9803%,1.2382%,0.0234%,1.0168%,-0.1825%,-0.1825%,-0.1825%,-0.1825%,1.1755%,-0.1825%,-0.1825%,-0.1825%,3.2773%
11-Jan-22,1.8277%,1.6446%,-0.0384%,1.2059%,-0.0267%,-0.0267%,-0.0267%,-0.0267%,0.4224%,-0.0267%,-0.0267%,-0.0267%,1.7731%
10-Jan-22,2.2365%,1.6093%,0.9518%,0.5318%,-0.3846%,-0.3846%,-0.3846%,-0.3846%,2.1865%,-0.3846%,-0.3846%,-0.3846%,1.4412%
07-Jan-22,0.1158%,0.3016%,-0.1228%,-1.2305%,-1.0240%,-1.0240%,-1.0240%,-1.0240%,0.7445%,-1.0240%,-1.0240%,-1.0240%,0.2532%
06-Jan-22,1.7341%,1.5658%,-0.4727%,-3.5826%,-0.9229%,-0.9229%,-0.9229%,-0.9229%,0.4722%,-0.9229%,-0.9229%,-0.9229%,0.0011%
05-Jan-22,3.3797%,1.2641%,0.8043%,-1.3330%,-1.1182%,-1.1182%,-1.1182%,-1.1182%,1.8652%,-1.1182%,-1.1182%,-1.1182%,2.8436%
04-Jan-22,3.6874%,1.8179%,0.5831%,1.7010%,-1.2987%,-1.2987%,-1.2987%,-1.2987%,2.3098%,-1.2987%,-1.2987%,-1.2987%,3.1596%
03-Jan-22,3.7293%,3.2291%,1.4104%,1.1885%,0.1476%,0.1476%,0.1476%,0.1476%,3.0176%,0.1476%,0.1476%,0.1476%,1.5924%
31-Dec-21,1.2296%,0.9815%,1.4669%,1.1017%,1.0553%,1.0553%,1.0553%,1.0553%,0.5439%,1.0553%,1.0553%,1.0553%,-0.5011%
30-Dec-21,-0.3428%,-0.2622%,-0.2348%,0.7786%,2.1177%,2.1177%,2.1177%,2.1177%,-1.4553%,2.1177%,2.1177%,2.1177%,-1.4730%
29-Dec-21,-0.0357%,1.7351%,0.3924%,0.7476%,2.5776%,2.5776%,2.5776%,2.5776%,0.9189%,2.5776%,2.5776%,2.5776%,0.8085%
28-Dec-21,0.9287%,1.5124%,0.6699%,1.6424%,2.4927%,2.4927%,2.4927%,2.4927%,1.4156%,2.4927%,2.4927%,2.4927%,0.9982%
27-Dec-21,-0.3801%,-0.8401%,-0.3028%,1.6471%,0.4788%,0.4788%,0.4788%,0.4788%,-1.0702%,0.4788%,0.4788%,0.4788%,-1.3660%
24-Dec-21,-0.4947%,-0.2994%,1.1058%,1.9578%,-0.4184%,-0.4184%,-0.4184%,-0.4184%,-0.5289%,-0.4184%,-0.4184%,-0.4184%,0.0379%
23-Dec-21,1.6575%,2.3031%,1.7794%,1.9689%,2.6505%,2.6505%,2.6505%,2.6505%,2.0466%,2.6505%,2.6505%,2.6505%,2.3785%
22-Dec-21,1.6833%,2.3210%,1.1530%,2.9000%,2.6813%,2.6813%,2.6813%,2.6813%,3.5357%,2.6813%,2.6813%,2.6813%,2.2579%
21-Dec-21,-2.9207%,-1.8576%,-0.2785%,-0.0567%,0.3926%,0.3926%,0.3926%,0.3926%,-1.3803%,0.3926%,0.3926%,0.3926%,-1.9263%
20-Dec-21,-6.1231%,-5.1940%,-3.2138%,-0.6789%,-1.5867%,-1.5867%,-1.5867%,-1.5867%,-5.4740%,-1.5867%,-1.5867%,-1.5867%,-5.0053%
17-Dec-21,-3.2873%,-3.2528%,-2.7078%,2.4850%,-2.1265%,-2.1265%,-2.1265%,-2.1265%,-1.9295%,-2.1265%,-2.1265%,-2.1265%,-1.8894%
16-Dec-21,-0.9448%,-0.2412%,-1.0693%,0.1597%,-1.3607%,-1.3607%,-1.3607%,-1.3607%,-0.5731%,-1.3607%,-1.3607%,-1.3607%,-0.8037%
15-Dec-21,-0.3689%,-0.1918%,-1.0659%,-0.8768%,0.5858%,0.5858%,0.5858%,0.5858%,-0.3422%,0.5858%,0.5858%,0.5858%,0.0360%
14-Dec-21,-0.5738%,-0.9834%,-1.4530%,0.4514%,0.9561%,0.9561%,0.9561%,0.9561%,-0.1882%,0.9561%,0.9561%,0.9561%,-0.2934%
13-Dec-21,-0.4257%,-0.1050%,-0.9996%,0.2890%,-0.1228%,-0.1228%,-0.1228%,-0.1228%,-0.2011%,-0.1228%,-0.1228%,-0.1228%,-0.9964%
10-Dec-21,-0.4825%,0.6530%,1.3868%,-0.0541%,0.0911%,0.0911%,0.0911%,0.0911%,0.6993%,0.0911%,0.0911%,0.0911%,0.2866%
09-Dec-21,1.2514%,2.7105%,2.6852%,1.8752%,1.5990%,1.5990%,1.5990%,1.5990%,1.8483%,1.5990%,1.5990%,1.5990%,1.0073%
08-Dec-21,4.1540%,3.7964%,2.2254%,3.0024%,1.7984%,1.7984%,1.7984%,1.7984%,3.1098%,1.7984%,1.7984%,1.7984%,1.9788%
07-Dec-21,1.1504%,-0.2765%,-0.8668%,-1.6323%,-1.5830%,-1.5830%,-1.5830%,-1.5830%,0.5070%,-1.5830%,-1.5830%,-1.5830%,-0.3705%
06-Dec-21,-2.1613%,-2.6757%,-2.9079%,-3.6653%,-2.7649%,-2.7649%,-2.7649%,-2.7649%,-1.4719%,-2.7649%,-2.7649%,-2.7649%,-2.5812%
03-Dec-21,-0.4634%,0.2836%,0.1073%,1.1691%,0.0130%,0.0130%,0.0130%,0.0130%,1.0482%,0.0130%,0.0130%,0.0130%,0.6344%
02-Dec-21,2.2268%,2.4795%,1.3344%,3.0812%,-0.7804%,-0.7804%,-0.7804%,-0.7804%,2.4676%,-0.7804%,-0.7804%,-0.7804%,2.8442%
01-Dec-21,1.0682%,0.5019%,0.3551%,1.5755%,-1.5377%,-1.5377%,-1.5377%,-1.5377%,0.0512%,-1.5377%,-1.5377%,-1.5377%,0.2538%
30-Nov-21,-0.9251%,-1.4717%,-0.4285%,1.2489%,-0.9830%,-0.9830%,-0.9830%,-0.9830%,-1.9864%,-0.9830%,-0.9830%,-0.9830%,-2.3044%
29-Nov-21,-3.8589%,-5.0784%,-2.5048%,-1.2317%,0.6030%,0.6030%,0.6030%,0.6030%,-5.2131%,0.6030%,0.6030%,0.6030%,-5.0585%
26-Nov-21,-3.9318%,-5.1047%,-1.6807%,-1.0407%,2.8194%,2.8194%,2.8194%,2.8194%,-3.5096%,2.8194%,2.8194%,2.8194%,-1.2876%
25-Nov-21,0.2461%,-1.8488%,-0.7850%,-0.5783%,0.5643%,0.5643%,0.5643%,0.5643%,0.5463%,0.5643%,0.5643%,0.5643%,2.6067%
24-Nov-21,0.8364%,-0.6269%,-0.4543%,-1.4663%,1.2138%,1.2138%,1.2138%,1.2138%,1.7817%,1.2138%,1.2138%,1.2138%,2.2484%
23-Nov-21,-1.8873%,-2.5468%,-0.7946%,-1.4156%,0.0634%,0.0634%,0.0634%,0.0634%,0.0332%,0.0634%,0.0634%,0.0634%,-0.8793%
22-Nov-21,-2.4583%,-5.9935%,-1.7256%,-3.3314%,-2.8429%,-2.8429%,-2.8429%,-2.8429%,-3.5316%,-2.8429%,-2.8429%,-2.8429%,-3.1127%
18-Nov-21,-0.8712%,-1.9566%,-0.3812%,-1.7687%,-2.3544%,-2.3544%,-2.3544%,-2.3544%,-2.1095%,-2.3544%,-2.3544%,-2.3544%,-0.6317%
17-Nov-21,-1.7370%,3.1019%,-0.6789%,0.5335%,-2.5874%,-2.5874%,-2.5874%,-2.5874%,-1.8151%,-2.5874%,-2.5874%,-2.5874%,-1.8078%
16-Nov-21,-1.1127%,2.2609%,0.2612%,0.8503%,0.1750%,0.1750%,0.1750%,0.1750%,-1.5732%,0.1750%,0.1750%,0.1750%,-1.1053%
15-Nov-21,0.3673%,-0.0214%,1.8732%,2.4178%,1.8359%,1.8359%,1.8359%,1.8359%,0.2415%,1.8359%,1.8359%,1.8359%,1.5415%
12-Nov-21,-0.7485%,-1.0477%,-0.0118%,1.6770%,-0.9920%,-0.9920%,-0.9920%,-0.9920%,0.2733%,-0.9920%,-0.9920%,-0.9920%,0.6939%
11-Nov-21,-2.0970%,-0.6510%,-1.0941%,-0.6504%,-1.1729%,-1.1729%,-1.1729%,-1.1729%,-0.9912%,-1.1729%,-1.1729%,-1.1729%,-0.4585%
10-Nov-21,-1.0635%,1.5504%,-0.4558%,-0.1663%,0.4317%,0.4317%,0.4317%,0.4317%,-0.6116%,0.4317%,0.4317%,0.4317%,0.4263%
09-Nov-21,-0.5205%,1.6696%,0.6523%,1.3426%,-0.5008%,-0.5008%,-0.5008%,-0.5008%,1.6762%,-0.5008%,-0.5008%,-0.5008%,1.7507%
08-Nov-21,0.0918%,2.0999%,1.8536%,1.6915%,-0.2675%,-0.2675%,-0.2675%,-0.2675%,2.0876%,-0.2675%,-0.2675%,-0.2675%,1.8771%
04-Nov-21,-0.9217%,0.4196%,0.2426%,0.4440%,-0.3226%,-0.3226%,-0.3226%,-0.3226%,1.1188%,-0.3226%,-0.3226%,-0.3226%,0.6884%
03-Nov-21,-0.9180%,-0.1737%,-0.7650%,-0.3208%,-1.1603%,-1.1603%,-1.1603%,-1.1603%,-0.4465%,-1.1603%,-1.1603%,-1.1603%,-0.0641%
02-Nov-21,2.0603%,1.9425%,1.0206%,2.1849%,0.8136%,0.8136%,0.8136%,0.8136%,0.7301%,0.8136%,0.8136%,0.8136%,0.7924%
01-Nov-21,0.6408%,1.4018%,1.1771%,1.0665%,1.9136%,1.9136%,1.9136%,1.9136%,1.7790%,1.9136%,1.9136%,1.9136%,-0.3248%
29-Oct-21,-4.4963%,-0.8648%,-1.8942%,-3.1828%,-1.5483%,-1.5483%,-1.5483%,-1.5483%,-1.9685%,-1.5483%,-1.5483%,-1.5483%,-4.0831%
28-Oct-21,-4.3771%,-1.6992%,-1.6182%,-0.7125%,-1.3791%,-1.3791%,-1.3791%,-1.3791%,-2.4152%,-1.3791%,-1.3791%,-1.3791%,-3.3570%
27-Oct-21,-0.7781%,1.4651%,1.1685%,1.4041%,1.0671%,1.0671%,1.0671%,1.0671%,1.3238%,1.0671%,1.0671%,1.0671%,0.1019%
26-Oct-21,2.2180%,0.1598%,-0.1235%,-0.6606%,0.1503%,0.1503%,0.1503%,0.1503%,1.1915%,0.1503%,0.1503%,0.1503%,0.3773%
25-Oct-21,2.8214%,-2.9319%,-2.2433%,-2.5945%,-1.6215%,-1.6215%,-1.6215%,-1.6215%,-2.0534%,-1.6215%,-1.6215%,-1.6215%,-0.6051%
22-Oct-21,1.9975%,-0.5191%,-2.1133%,-4.1027%,-1.6323%,-1.6323%,-1.6323%,-1.6323%,-1.9790%,-1.6323%,-1.6323%,-1.6323%,-0.4174%
21-Oct-21,1.2233%,-0.6009%,-2.2433%,-3.3212%,-1.5131%,-1.5131%,-1.5131%,-1.5131%,-2.6460%,-1.5131%,-1.5131%,-1.5131%,-1.9717%
20-Oct-21,-0.4216%,-2.7973%,-4.7052%,1.4667%,-2.9685%,-2.9685%,-2.9685%,-2.9685%,-4.3637%,-2.9685%,-2.9685%,-2.9685%,-3.1452%
19-Oct-21,0.5048%,-1.4918%,-2.8329%,3.6693%,-2.3936%,-2.3936%,-2.3936%,-2.3936%,-0.2728%,-2.3936%,-2.3936%,-2.3936%,0.0779%
18-Oct-21,2.6435%,-0.4672%,0.9979%,2.8115%,-0.5562%,-0.5562%,-0.5562%,-0.5562%,2.9149%,-0.5562%,-0.5562%,-0.5562%,2.1643%
14-Oct-21,2.0828%,2.7474%,1.3738%,2.4480%,0.6752%,0.6752%,0.6752%,0.6752%,2.0035%,0.6752%,0.6752%,0.6752%,2.0205%
13-Oct-21,0.8851%,4.1655%,2.0203%,0.2994%,0.4363%,0.4363%,0.4363%,0.4363%,1.5840%,0.4363%,0.4363%,0.4363%,1.7999%
12-Oct-21,1.9372%,3.4572%,1.9981%,-4.3942%,0.7820%,0.7820%,0.7820%,0.7820%,1.6836%,0.7820%,0.7820%,0.7820%,1.4986%
11-Oct-21,1.4117%,3.0218%,0.2273%,-1.4892%,0.3637%,0.3637%,0.3637%,0.3637%,1.5732%,0.3637%,0.3637%,0.3637%,1.4782%
08-Oct-21,0.6716%,4.6194%,-0.4353%,3.6432%,0.3641%,0.3641%,0.3641%,0.3641%,0.7231%,0.3641%,0.3641%,0.3641%,0.0180%
07-Oct-21,0.0323%,3.0802%,-0.4999%,0.4469%,-1.2090%,-1.2090%,-1.2090%,-1.2090%,-1.1463%,-1.2090%,-1.2090%,-1.2090%,-0.8475%
06-Oct-21,-0.1548%,-0.6965%,-0.6921%,-0.1435%,-2.4233%,-2.4233%,-2.4233%,-2.4233%,-0.3776%,-2.4233%,-2.4233%,-2.4233%,2.3575%
05-Oct-21,1.3648%,0.8890%,0.0705%,2.1486%,1.0218%,1.0218%,1.0218%,1.0218%,2.6914%,1.0218%,1.0218%,1.0218%,4.1904%
04-Oct-21,0.4113%,0.4013%,0.0467%,0.2794%,2.3352%,2.3352%,2.3352%,2.3352%,2.0962%,2.3352%,2.3352%,2.3352%,2.0401%
01-Oct-21,-1.3891%,-0.5525%,-0.1811%,-1.4435%,1.2524%,1.2524%,1.2524%,1.2524%,0.0262%,1.2524%,1.2524%,1.2524%,0.5898%
30-Sep-21,-1.3892%,-0.9199%,-0.6342%,-0.6051%,2.0385%,2.0385%,2.0385%,2.0385%,1.0175%,2.0385%,2.0385%,2.0385%,1.7901%
29-Sep-21,-1.1346%,-1.0290%,-0.6139%,-2.1307%,1.7234%,1.7234%,1.7234%,1.7234%,2.1841%,1.7234%,1.7234%,1.7234%,3.7547%
28-Sep-21,0.3023%,2.4953%,-1.0028%,-5.2875%,-0.8295%,-0.8295%,-0.8295%,-0.8295%,1.2867%,-0.8295%,-0.8295%,-0.8295%,3.2647%
27-Sep-21,1.0467%,3.6432%,-2.0339%,-2.1715%,-1.5809%,-1.5809%,-1.5809%,-1.5809%,-0.7062%,-1.5809%,-1.5809%,-1.5809%,0.5126%
24-Sep-21,2.3411%,1.3851%,-1.0132%,1.8350%,-0.3156%,-0.3156%,-0.3156%,-0.3156%,0.0009%,-0.3156%,-0.3156%,-0.3156%,1.0002%
23-Sep-21,1.4187%,2.0920%,-0.1712%,1.9851%,0.7062%,0.7062%,0.7062%,0.7062%,2.1711%,0.7062%,0.7062%,0.7062%,2.5978%
22-Sep-21,-0.5442%,0.7968%,0.8132%,2.8069%,1.6534%,1.6534%,1.6534%,1.6534%,2.2560%,1.6534%,1.6534%,1.6534%,1.3293%
21-Sep-21,-1.5472%,-1.9250%,1.9727%,1.2181%,-0.5337%,-0.5337%,-0.5337%,-0.5337%,-2.1232%,-0.5337%,-0.5337%,-0.5337%,-0.5634%
20-Sep-21,-1.4077%,-1.4584%,0.3937%,-1.2778%,-2.7956%,-2.7956%,-2.7956%,-2.7956%,-5.1185%,-2.7956%,-2.7956%,-2.7956%,-2.1298%
17-Sep-21,2.5381%,0.5260%,0.7216%,-1.2026%,-0.9248%,-0.9248%,-0.9248%,-0.9248%,-1.5946%,-0.9248%,-0.9248%,-0.9248%,0.4383%
16-Sep-21,2.8022%,1.3703%,1.3121%,1.1740%,0.5548%,0.5548%,0.5548%,0.5548%,0.8991%,0.5548%,0.5548%,0.5548%,2.9095%
15-Sep-21,1.0324%,1.7175%,-0.2169%,2.6212%,0.7651%,0.7651%,0.7651%,0.7651%,0.7057%,0.7651%,0.7651%,0.7651%,1.6957%
14-Sep-21,-0.1916%,0.9501%,-0.2679%,1.7758%,0.5628%,0.5628%,0.5628%,0.5628%,0.3174%,0.5628%,0.5628%,0.5628%,-0.5393%
13-Sep-21,-0.8127%,0.1952%,0.8103%,1.2850%,0.1920%,0.1920%,0.1920%,0.1920%,1.2201%,0.1920%,0.1920%,0.1920%,-0.0767%
09-Sep-21,0.5845%,-0.3965%,0.7100%,-0.4280%,-0.4013%,-0.4013%,-0.4013%,-0.4013%,0.9358%,-0.4013%,-0.4013%,-0.4013%,1.0112%
08-Sep-21,0.4783%,-0.6619%,0.2345%,-2.1250%,-0.9206%,-0.9206%,-0.9206%,-0.9206%,0.0784%,-0.9206%,-0.9206%,-0.9206%,-0.0183%
07-Sep-21,-0.8016%,0.2753%,0.1579%,0.1720%,-0.6832%,-0.6832%,-0.6832%,-0.6832%,0.1920%,-0.6832%,-0.6832%,-0.6832%,0.0024%
06-Sep-21,-0.6530%,1.4242%,-0.3170%,2.0748%,0.1592%,0.1592%,0.1592%,0.1592%,1.6559%,0.1592%,0.1592%,0.1592%,2.5825%
03-Sep-21,0.5083%,0.7985%,1.4457%,2.2374%,1.1446%,1.1446%,1.1446%,1.1446%,2.3141%,1.1446%,1.1446%,1.1446%,2.7584%
02-Sep-21,1.1042%,-0.1197%,1.9027%,0.3175%,0.7867%,0.7867%,0.7867%,0.7867%,0.5247%,0.7867%,0.7867%,0.7867%,0.8614%
01-Sep-21,0.6197%,0.8562%,1.2473%,0.0038%,0.6798%,0.6798%,0.6798%,0.6798%,0.5091%,0.6798%,0.6798%,0.6798%,0.5546%
31-Aug-21,2.1875%,2.3977%,1.7966%,0.7532%,2.7609%,2.7609%,2.7609%,2.7609%,2.9908%,2.7609%,2.7609%,2.7609%,1.7115%
30-Aug-21,2.0087%,1.9562%,1.2248%,0.1997%,3.2617%,3.2617%,3.2617%,3.2617%,3.1874%,3.2617%,3.2617%,3.2617%,1.8702%
27-Aug-21,0.1166%,-0.1511%,0.9567%,0.6583%,0.8474%,0.8474%,0.8474%,0.8474%,0.9748%,0.8474%,0.8474%,0.8474%,0.9287%
26-Aug-21,-0.2655%,-0.7139%,1.1324%,0.5955%,-0.8536%,-0.8536%,-0.8536%,-0.8536%,0.1616%,-0.8536%,-0.8536%,-0.8536%,1.5230%
25-Aug-21,1.2978%,0.5047%,-0.1077%,0.4816%,0.9392%,0.9392%,0.9392%,0.9392%,2.0683%,0.9392%,0.9392%,0.9392%,2.1516%
24-Aug-21,1.8992%,-0.7312%,-0.9501%,1.4393%,1.1884%,1.1884%,1.1884%,1.1884%,0.8980%,1.1884%,1.1884%,1.1884%,1.0929%
23-Aug-21,-1.2245%,-3.1642%,1.9517%,1.3883%,-2.7061%,-2.7061%,-2.7061%,-2.7061%,-4.3034%,-2.7061%,-2.7061%,-2.7061%,-1.8252%
20-Aug-21,-2.3794%,-1.8537%,2.8954%,-0.1901%,-2.4075%,-2.4075%,-2.4075%,-2.4075%,-3.3679%,-2.4075%,-2.4075%,-2.4075%,-1.9317%
18-Aug-21,-1.5188%,-0.2071%,2.0776%,2.6038%,0.7529%,0.7529%,0.7529%,0.7529%,-0.7938%,0.7529%,0.7529%,0.7529%,-0.5133%
17-Aug-21,-0.8417%,-0.8921%,1.6983%,2.2025%,-0.0556%,-0.0556%,-0.0556%,-0.0556%,-0.3356%,-0.0556%,-0.0556%,-0.0556%,0.2302%
16-Aug-21,0.4362%,-0.9094%,1.1701%,1.0217%,-1.2005%,-1.2005%,-1.2005%,-1.2005%,1.1274%,-1.2005%,-1.2005%,-1.2005%,0.9451%
13-Aug-21,1.0035%,0.3724%,1.1297%,3.0870%,-1.7232%,-1.7232%,-1.7232%,-1.7232%,0.7754%,-1.7232%,-1.7232%,-1.7232%,1.4042%
12-Aug-21,-0.2701%,0.2141%,-0.0422%,1.6491%,-2.6169%,-2.6169%,-2.6169%,-2.6169%,1.6163%,-2.6169%,-2.6169%,-2.6169%,2.3639%
11-Aug-21,-0.6215%,-0.9723%,-0.7304%,0.7231%,-1.6955%,-1.6955%,-1.6955%,-1.6955%,-0.0738%,-1.6955%,-1.6955%,-1.6955%,0.6598%
10-Aug-21,0.6240%,-0.8933%,-0.3628%,1.2930%,-0.1007%,-0.1007%,-0.1007%,-0.1007%,-2.4373%,-0.1007%,-0.1007%,-0.1007%,-1.4426%
09-Aug-21,0.5390%,0.1377%,-0.0260%,0.7309%,-0.3193%,-0.3193%,-0.3193%,-0.3193%,-1.5413%,-0.3193%,-0.3193%,-0.3193%,-0.8286%
06-Aug-21,-0.6110%,0.0263%,0.5109%,1.0421%,-0.5294%,-0.5294%,-0.5294%,-0.5294%,-0.5075%,-0.5294%,-0.5294%,-0.5294%,0.0340%
05-Aug-21,1.7505%,-1.1511%,-0.3395%,0.1453%,-0.4664%,-0.4664%,-0.4664%,-0.4664%,-0.5201%,-0.4664%,-0.4664%,-0.4664%,0.2426%
04-Aug-21,3.6584%,0.6182%,0.7743%,0.5620%,0.8181%,0.8181%,0.8181%,0.8181%,-0.2106%,0.8181%,0.8181%,0.8181%,0.9072%
03-Aug-21,1.7698%,2.8436%,2.1022%,2.2005%,1.5193%,1.5193%,1.5193%,1.5193%,1.5147%,1.5193%,1.5193%,1.5193%,2.3273%
02-Aug-21,0.0533%,2.2271%,0.5798%,1.4012%,3.8314%,3.8314%,3.8314%,3.8314%,0.7452%,3.8314%,3.8314%,3.8314%,1.3199%
30-Jul-21,0.1488%,0.4787%,-0.8556%,1.7254%,3.1927%,3.1927%,3.1927%,3.1927%,1.4980%,3.1927%,3.1927%,3.1927%,-0.4098%
29-Jul-21,-0.3054%,-1.3830%,-1.0301%,1.5766%,-0.7062%,-0.7062%,-0.7062%,-0.7062%,2.0703%,-0.7062%,-0.7062%,-0.7062%,-0.7420%
28-Jul-21,-1.2070%,-1.3754%,-0.3476%,0.0459%,-4.9253%,-4.9253%,-4.9253%,-4.9253%,-0.0122%,-4.9253%,-4.9253%,-4.9253%,-1.5167%
27-Jul-21,-0.6809%,-1.0600%,-0.5441%,-0.0059%,-4.1316%,-4.1316%,-4.1316%,-4.1316%,-0.1473%,-4.1316%,-4.1316%,-4.1316%,-2.0279%
26-Jul-21,0.7794%,-0.9652%,0.6116%,0.5359%,0.5265%,0.5265%,0.5265%,0.5265%,-0.0075%,0.5265%,0.5265%,0.5265%,-1.5541%
23-Jul-21,1.7667%,-0.2044%,0.8983%,2.1469%,0.8128%,0.8128%,0.8128%,0.8128%,1.4350%,0.8128%,0.8128%,0.8128%,0.9939%
22-Jul-21,-1.1590%,-0.7337%,0.2294%,1.7325%,-0.6484%,-0.6484%,-0.6484%,-0.6484%,0.6416%,-0.6484%,-0.6484%,-0.6484%,0.4222%
20-Jul-21,-3.8830%,-2.0177%,-0.0643%,-0.5051%,-1.0764%,-1.0764%,-1.0764%,-1.0764%,-1.3382%,-1.0764%,-1.0764%,-1.0764%,-1.3358%
19-Jul-21,-2.3617%,-1.1163%,-0.0070%,-1.5516%,1.3800%,1.3800%,1.3800%,1.3800%,0.1754%,1.3800%,1.3800%,1.3800%,0.4140%
16-Jul-21,0.2337%,-0.3783%,0.4975%,0.2054%,0.8750%,0.8750%,0.8750%,0.8750%,0.9562%,0.8750%,0.8750%,0.8750%,0.2205%
15-Jul-21,0.6524%,-0.6887%,0.2008%,4.3014%,0.0511%,0.0511%,0.0511%,0.0511%,0.3296%,0.0511%,0.0511%,0.0511%,-0.6899%
14-Jul-21,1.3159%,0.2837%,-0.2868%,2.7522%,0.9292%,0.9292%,0.9292%,0.9292%,0.6080%,0.9292%,0.9292%,0.9292%,0.2942%
13-Jul-21,1.6860%,0.7382%,-0.2052%,-0.7822%,0.6905%,0.6905%,0.6905%,0.6905%,1.0387%,0.6905%,0.6905%,0.6905%,0.3546%
12-Jul-21,-0.2136%,-0.1705%,-0.0068%,-0.7591%,0.7160%,0.7160%,0.7160%,0.7160%,1.1890%,0.7160%,0.7160%,0.7160%,-0.6686%
09-Jul-21,-1.9940%,-1.2687%,-0.7259%,-0.2528%,-0.6476%,-0.6476%,-0.6476%,-0.6476%,-0.2629%,-0.6476%,-0.6476%,-0.6476%,-0.9876%
08-Jul-21,-0.8648%,-0.9918%,-0.1642%,0.3463%,-0.9647%,-0.9647%,-0.9647%,-0.9647%,-0.2397%,-0.9647%,-0.9647%,-0.9647%,-0.6562%
07-Jul-21,1.5635%,-1.8380%,0.1541%,-0.7515%,-0.5210%,-0.5210%,-0.5210%,-0.5210%,1.0863%,-0.5210%,-0.5210%,-0.5210%,-0.4867%
06-Jul-21,2.1621%,-1.1913%,0.0602%,-1.2515%,-0.8517%,-0.8517%,-0.8517%,-0.8517%,1.0726%,-0.8517%,-0.8517%,-0.8517%,0.2127%
05-Jul-21,1.4995%,0.5467%,0.4287%,-0.1813%,0.5923%,0.5923%,0.5923%,0.5923%,0.6049%,0.5923%,0.5923%,0.5923%,0.4098%
02-Jul-21,0.1083%,0.7969%,0.3410%,-0.5517%,1.5193%,1.5193%,1.5193%,1.5193%,-0.5705%,1.5193%,1.5193%,1.5193%,-0.7026%
01-Jul-21,-0.9408%,0.7060%,0.0010%,0.0581%,0.7772%,0.7772%,0.7772%,0.7772%,-0.7122%,0.7772%,0.7772%,0.7772%,-0.7134%
30-Jun-21,-1.6888%,-1.0335%,0.1074%,0.3410%,0.4284%,0.4284%,0.4284%,0.4284%,-1.0022%,0.4284%,0.4284%,0.4284%,-0.1821%
29-Jun-21,-1.0121%,-0.8910%,0.6292%,-0.7738%,1.8185%,1.8185%,1.8185%,1.8185%,-0.4753%,1.8185%,1.8185%,1.8185%,-0.5638%
28-Jun-21,1.5058%,0.8539%,-0.5217%,0.0707%,1.9628%,1.9628%,1.9628%,1.9628%,0.8603%,1.9628%,1.9628%,1.9628%,-1.1101%
25-Jun-21,2.2357%,1.1049%,-0.5060%,3.2593%,0.3664%,0.3664%,0.3664%,0.3664%,0.4808%,0.3664%,0.3664%,0.3664%,-1.9663%
24-Jun-21,0.2354%,0.7346%,-0.1575%,1.8055%,-0.9096%,-0.9096%,-0.9096%,-0.9096%,-0.6948%,-0.9096%,-0.9096%,-0.9096%,-2.0521%
23-Jun-21,-0.8599%,1.7694%,-0.5218%,-0.3840%,-0.4630%,-0.4630%,-0.4630%,-0.4630%,0.1164%,-0.4630%,-0.4630%,-0.4630%,-0.4223%
22-Jun-21,0.5382%,0.9174%,0.0344%,0.2733%,0.4569%,0.4569%,0.4569%,0.4569%,1.4543%,0.4569%,0.4569%,0.4569%,1.5948%
21-Jun-21,0.7625%,-1.1715%,0.5334%,-0.8614%,0.0096%,0.0096%,0.0096%,0.0096%,-0.6934%,0.0096%,0.0096%,0.0096%,-0.6116%
18-Jun-21,-1.2891%,-2.1611%,0.4296%,-0.0114%,-1.3193%,-1.3193%,-1.3193%,-1.3193%,-2.5069%,-1.3193%,-1.3193%,-1.3193%,-3.0209%
17-Jun-21,-1.8562%,-2.1990%,0.7242%,0.8161%,-1.7118%,-1.7118%,-1.7118%,-1.7118%,-2.0236%,-1.7118%,-1.7118%,-1.7118%,-1.6319%
16-Jun-21,0.1511%,-0.7840%,1.3044%,0.4737%,-1.6454%,-1.6454%,-1.6454%,-1.6454%,-0.9410%,-1.6454%,-1.6454%,-1.6454%,-0.6227%
15-Jun-21,0.5684%,-0.1032%,0.7643%,0.5651%,-0.9872%,-0.9872%,-0.9872%,-0.9872%,0.2978%,-0.9872%,-0.9872%,-0.9872%,0.4923%
14-Jun-21,-0.5167%,0.2827%,-0.2001%,1.8228%,0.9391%,0.9391%,0.9391%,0.9391%,0.9237%,0.9391%,0.9391%,0.9391%,0.9085%
11-Jun-21,0.7045%,0.2889%,0.1627%,2.4045%,2.3863%,2.3863%,2.3863%,2.3863%,1.2147%,2.3863%,2.3863%,2.3863%,0.6155%
10-Jun-21,0.1307%,-1.4101%,0.1647%,0.6267%,0.8666%,0.8666%,0.8666%,0.8666%,-0.2894%,0.8666%,0.8666%,0.8666%,-0.1555%
09-Jun-21,-1.8481%,-0.6721%,0.6002%,0.8837%,0.3534%,0.3534%,0.3534%,0.3534%,-0.9647%,0.3534%,0.3534%,0.3534%,-0.3616%
08-Jun-21,-0.5881%,1.2705%,1.4982%,2.2700%,0.6223%,0.6223%,0.6223%,0.6223%,0.8172%,0.6223%,0.6223%,0.6223%,1.8171%
07-Jun-21,-0.5794%,1.4704%,0.3077%,1.1275%,-0.3227%,-0.3227%,-0.3227%,-0.3227%,1.4973%,-0.3227%,-0.3227%,-0.3227%,2.0032%
04-Jun-21,-0.2326%,0.8197%,0.2260%,0.2115%,-0.3567%,-0.3567%,-0.3567%,-0.3567%,1.1111%,-0.3567%,-0.3567%,-0.3567%,0.7097%
03-Jun-21,0.8746%,1.7826%,0.0717%,-0.5799%,0.3992%,0.3992%,0.3992%,0.3992%,1.7238%,0.3992%,0.3992%,0.3992%,1.7296%
02-Jun-21,-0.4322%,1.4642%,-0.5263%,-0.6511%,0.7073%,0.7073%,0.7073%,0.7073%,0.6205%,0.7073%,0.7073%,0.7073%,1.5554%
01-Jun-21,0.5539%,-0.5011%,0.9951%,0.0796%,0.8817%,0.8817%,0.8817%,0.8817%,0.8888%,0.8817%,0.8817%,0.8817%,2.0524%
31-May-21,1.2149%,0.0558%,1.2224%,-0.1835%,-0.3437%,-0.3437%,-0.3437%,-0.3437%,1.8635%,-0.3437%,-0.3437%,-0.3437%,3.0820%
28-May-21,1.3012%,0.6893%,0.2144%,0.9789%,-1.3862%,-1.3862%,-1.3862%,-1.3862%,0.8650%,-1.3862%,-1.3862%,-1.3862%,1.2562%
27-May-21,1.2339%,0.9699%,0.0903%,2.8379%,0.0706%,0.0706%,0.0706%,0.0706%,-0.3425%,0.0706%,0.0706%,0.0706%,-1.2804%
26-May-21,-0.7479%,1.1693%,0.6985%,2.6551%,0.6555%,0.6555%,0.6555%,0.6555%,-0.6187%,0.6555%,0.6555%,0.6555%,-1.3589%
25-May-21,0.1590%,0.6924%,0.2596%,1.0934%,0.6842%,0.6842%,0.6842%,0.6842%,0.3533%,0.6842%,0.6842%,0.6842%,1.1058%
24-May-21,4.6047%,0.8662%,0.2803%,0.9553%,0.4592%,0.4592%,0.4592%,0.4592%,1.0411%,0.4592%,0.4592%,0.4592%,2.1858%
21-May-21,2.6633%,0.6138%,-0.1129%,0.4693%,-0.0547%,-0.0547%,-0.0547%,-0.0547%,-0.4003%,-0.0547%,-0.0547%,-0.0547%,0.0942%
20-May-21,-1.7635%,-0.9544%,-0.7711%,-0.2464%,0.9864%,0.9864%,0.9864%,0.9864%,-1.4003%,0.9864%,0.9864%,0.9864%,-0.2404%
19-May-21,0.6708%,2.4139%,-0.2237%,1.0747%,1.0188%,1.0188%,1.0188%,1.0188%,1.3331%,1.0188%,1.0188%,1.0188%,2.3879%
18-May-21,5.1672%,4.9743%,-0.1153%,1.4256%,-0.3839%,-0.3839%,-0.3839%,-0.3839%,3.1303%,-0.3839%,-0.3839%,-0.3839%,2.8571%
17-May-21,3.0095%,-0.1195%,2.1547%,-0.5910%,-1.4890%,-1.4890%,-1.4890%,-1.4890%,0.3780%,-1.4890%,-1.4890%,-1.4890%,0.6879%
14-May-21,-2.1842%,-1.8822%,1.8751%,-2.0263%,-1.3046%,-1.3046%,-1.3046%,-1.3046%,-3.1732%,-1.3046%,-1.3046%,-1.3046%,-1.4199%
12-May-21,-2.1265%,0.4054%,-0.4312%,-1.6167%,-0.4749%,-0.4749%,-0.4749%,-0.4749%,-1.2079%,-0.4749%,-0.4749%,-0.4749%,0.6804%
11-May-21,-0.0983%,1.7574%,0.0170%,-0.6234%,2.2717%,2.2717%,2.2717%,2.2717%,2.5684%,2.2717%,2.2717%,2.2717%,3.2890%
10-May-21,0.9492%,1.5838%,0.4554%,0.0561%,2.7180%,2.7180%,2.7180%,2.7180%,3.7748%,2.7180%,2.7180%,2.7180%,2.2154%
07-May-21,0.3671%,1.7964%,0.6608%,1.8367%,-0.2371%,-0.2371%,-0.2371%,-0.2371%,3.1384%,-0.2371%,-0.2371%,-0.2371%,1.2943%
06-May-21,1.6981%,2.4187%,0.6630%,2.9312%,3.7315%,3.7315%,3.7315%,3.7315%,2.4723%,3.7315%,3.7315%,3.7315%,1.2672%
05-May-21,0.9698%,-0.2064%,-0.2838%,0.4301%,1.9757%,1.9757%,1.9757%,1.9757%,0.7379%,1.9757%,1.9757%,1.9757%,0.4175%
04-May-21,-1.5849%,-0.6593%,0.5892%,-0.6883%,-1.7719%,-1.7719%,-1.7719%,-1.7719%,0.1349%,-1.7719%,-1.7719%,-1.7719%,-0.4638%
03-May-21,-3.8464%,-1.1461%,-0.0435%,-0.7721%,1.5458%,1.5458%,1.5458%,1.5458%,0.2918%,1.5458%,1.5458%,1.5458%,-0.4432%
30-Apr-21,0.1417%,-0.6986%,-1.1477%,-0.5895%,1.2807%,1.2807%,1.2807%,1.2807%,1.6873%,1.2807%,1.2807%,1.2807%,0.8424%
29-Apr-21,4.2692%,1.3531%,0.4214%,0.7498%,0.7129%,0.7129%,0.7129%,0.7129%,3.6311%,0.7129%,0.7129%,0.7129%,2.1486%
27-Apr-21,3.0947%,1.1459%,0.8329%,0.8005%,-0.1730%,-0.1730%,-0.1730%,-0.1730%,3.0364%,-0.1730%,-0.1730%,-0.1730%,1.9100%
26-Apr-21,1.5261%,-0.0322%,-0.5237%,-0.5701%,-1.3261%,-1.3261%,-1.3261%,-1.3261%,1.3293%,-1.3261%,-1.3261%,-1.3261%,1.7202%
23-Apr-21,1.9217%,-0.3517%,-1.6913%,-1.0485%,-0.8044%,-0.8044%,-0.8044%,-0.8044%,0.4386%,-0.8044%,-0.8044%,-0.8044%,1.1159%
22-Apr-21,1.8066%,1.1654%,-1.3981%,-1.5883%,0.9171%,0.9171%,0.9171%,0.9171%,-0.1807%,0.9171%,0.9171%,0.9171%,0.0760%
20-Apr-21,-2.7794%,-1.8509%,-1.6231%,-1.7285%,1.4348%,1.4348%,1.4348%,1.4348%,-2.8808%,1.4348%,1.4348%,1.4348%,-2.8777%
19-Apr-21,-2.8981%,-1.6712%,-0.4044%,0.8616%,2.0307%,2.0307%,2.0307%,2.0307%,-1.1611%,2.0307%,2.0307%,2.0307%,-2.4421%
16-Apr-21,0.6437%,-0.0953%,0.3810%,1.7991%,3.2246%,3.2246%,3.2246%,3.2246%,1.1930%,3.2246%,3.2246%,3.2246%,0.9430%
15-Apr-21,4.1132%,2.8458%,0.2806%,-2.7563%,0.1940%,0.1940%,0.1940%,0.1940%,2.1019%,0.1940%,0.1940%,0.1940%,2.8243%
13-Apr-21,-2.1291%,-1.0659%,-1.5344%,-5.8633%,-1.4667%,-1.4667%,-1.4667%,-1.4667%,-3.0875%,-1.4667%,-1.4667%,-1.4667%,-2.2880%
12-Apr-21,-6.4655%,-5.7744%,-1.2201%,-1.5736%,2.7014%,2.7014%,2.7014%,2.7014%,-6.1612%,2.7014%,2.7014%,2.7014%,-5.7647%
09-Apr-21,-1.6739%,-0.1416%,1.1851%,1.9587%,2.9164%,2.9164%,2.9164%,2.9164%,0.9317%,2.9164%,2.9164%,2.9164%,-1.4173%
08-Apr-21,0.8587%,1.7873%,1.0382%,2.2697%,0.5003%,0.5003%,0.5003%,0.5003%,2.8123%,0.5003%,0.5003%,0.5003%,0.3196%
07-Apr-21,0.9468%,1.7002%,1.5236%,1.2659%,2.2578%,2.2578%,2.2578%,2.2578%,1.4587%,2.2578%,2.2578%,2.2578%,0.5517%
06-Apr-21,-4.1741%,-2.4664%,-0.7357%,2.0797%,1.3667%,1.3667%,1.3667%,1.3667%,-0.0218%,1.3667%,1.3667%,1.3667%,-1.6416%
05-Apr-21,-1.9127%,-0.9664%,-1.8282%,2.4021%,0.4776%,0.4776%,0.4776%,0.4776%,1.9613%,0.4776%,0.4776%,0.4776%,0.2583%
01-Apr-21,-0.0505%,1.5724%,0.8479%,-0.5416%,1.3775%,1.3775%,1.3775%,1.3775%,2.4737%,1.3775%,1.3775%,1.3775%,0.5255%
31-Mar-21,-0.0429%,0.9222%,3.1869%,1.8174%,3.1729%,3.1729%,3.1729%,3.1729%,1.6642%,3.1729%,3.1729%,3.1729%,-0.1790%
30-Mar-21,2.5643%,2.1657%,3.9495%,3.3842%,3.1934%,3.1934%,3.1934%,3.1934%,3.1184%,3.1934%,3.1934%,3.1934%,1.5503%
26-Mar-21,0.0749%,-1.5735%,-0.4987%,-1.6460%,-0.2785%,-0.2785%,-0.2785%,-0.2785%,-0.4171%,-0.2785%,-0.2785%,-0.2785%,-2.5201%
25-Mar-21,-3.5688%,-5.5567%,-3.7955%,-3.4418%,-0.7650%,-0.7650%,-0.7650%,-0.7650%,-3.9370%,-0.7650%,-0.7650%,-0.7650%,-4.8099%
24-Mar-21,-0.9317%,-2.1682%,-1.8269%,-0.9007%,0.5501%,0.5501%,0.5501%,0.5501%,-1.4227%,0.5501%,0.5501%,0.5501%,-1.6866%
23-Mar-21,0.0667%,0.0113%,1.2920%,2.0798%,2.0164%,2.0164%,2.0164%,2.0164%,1.6127%,2.0164%,2.0164%,2.0164%,0.1060%
22-Mar-21,-0.7539%,-0.0345%,4.0031%,2.5427%,2.8378%,2.8378%,2.8378%,2.8378%,3.3255%,2.8378%,2.8378%,2.8378%,3.0927%
19-Mar-21,-0.1980%,0.2690%,2.4502%,-2.4283%,-1.0320%,-1.0320%,-1.0320%,-1.0320%,1.5625%,-1.0320%,-1.0320%,-1.0320%,1.5351%
18-Mar-21,100.0000%,100.0000%,100.0000%,100.0000%,-128.9632%,-4.3298%,-4.3298%,-4.3298%,-177.3404%,61.1479%,-4.3298%,-4.3298%,100.0000%
17-Mar-21,100.0000%,100.0000%,100.0000%,100.0000%,100.0000%,100.0000%,100.0000%,100.0000%,100.0000%,100.0000%,100.0000%,100.0000%,100.0000%
#REF!,#DIV/0!,#DIV/0!,#DIV/0!,#DIV/0!,100.0000%,100.0000%,100.0000%,100.0000%,100.0000%,100.0000%,100.0000%,100.0000%,#DIV/0!
